CUSTOMER_ID,CUSTOMER_EMAIL,CUSTOMER_PHONE_NUMBER,CUSTOMER_FIRST_NAME,CUSTOMER_MIDDLE_NAME,CUSTOMER_LAST_NAME,CUSTOMER_DOB,CUSTOMER_GENDER,CUSTOMER_ADDRESS_ID
1000406,celixi@linkedin.com,499-525-3652,Quentin,Caron,Elix,1984-12-24,Male,1100406
1000551,mpettettj9@japanpost.jp,151-523-9122,Tracy,Matti,Pettett,1966-09-30,Female,1100551
1000403,dmattionibj@ezinearticles.com,253-933-1357,Allx,Daniella,Mattioni,1959-06-30,Female,1100403
1000592,pwimbridgedb@typepad.com,348-192-0413,Dianne,Pierette,Wimbridge,1963-01-04,Female,1100592
1000823,cwoodwardr1@de.vu,610-615-3942,Nolly,Cassandra,Woodward,1977-11-14,Male,1100823
1000497,lohingertyh4@issuu.com,381-549-9252,Rem,Luisa,O'Hingerty,1988-01-25,Male,1100497
1000876,dhully46@oaic.gov.au,272-767-7014,Faber,Dolli,Hully,1976-03-19,Male,1100876
1000931,vgerrietzim@indiatimes.com,350-955-4158,Nowell,Vivien,Gerrietz,1953-01-15,Male,1100931
1000944,rmerwoodo7@behance.net,420-515-3585,Katti,Regine,Merwood,2004-03-14,Female,1100944
1000538,cthomsonnz@mediafire.com,760-888-5123,Brennan,Celisse,Thomson,1983-01-06,Male,1100538
1000346,bvonderempteni2@photobucket.com,797-208-5350,Almeria,Belinda,Von Der Empten,2017-07-17,Female,1100346
1000965,lblade87@weebly.com,708-844-5155,Ransom,Lucila,Blade,1962-11-30,Male,1100965
1000875,mlorekmx@state.gov,278-253-5370,Bryna,Mallorie,Lorek,2007-04-04,Female,1100875
1000284,ldocharty7i@weebly.com,559-488-1807,Theodore,Lorelei,Docharty,1972-09-16,Female,1100284
1000829,wduckelscp@github.io,792-202-7646,Oates,Walliw,Duckels,1960-04-09,Male,1100829
1000690,smussettihv@cnbc.com,294-202-4671,Christos,Samantha,Mussetti,1966-09-30,Male,1100690
1000412,rpawlikeq@who.int,200-635-7043,Nadya,Renate,Pawlik,1956-11-04,Female,1100412
1000286,thumbatchib@symantec.com,393-562-6549,Tanny,Teriann,Humbatch,2010-04-14,Male,1100286
1000859,jventumgj@wikipedia.org,856-824-7041,Arlen,Johnath,Ventum,2003-01-30,Female,1100859
1000970,ajohnston42@cam.ac.uk,566-813-5807,Zora,Adrian,Johnston,2017-06-06,Female,1100970
1000290,tanespiego@t-online.de,677-906-3007,Gwendolen,Theressa,Anespie,1967-10-19,Female,1100290
1000337,cconrard9r@miitbeian.gov.cn,690-701-5434,Jeannine,Cordy,Conrard,1993-11-13,Female,1100337
1000499,wcainesj3@lycos.com,137-184-5670,Beltran,Wilona,Caines,2004-10-11,Male,1100499
1000996,astatersfield8t@trellian.com,974-210-5221,Annette,Andreana,Statersfield,1959-07-10,Female,1100996
1000927,cwyercd@godaddy.com,885-447-2319,Alley,Carlotta,Wyer,2013-06-19,Male,1100927
1000706,gbuttrickl6@cam.ac.uk,252-873-1734,Sheela,Golda,Buttrick,1980-02-01,Female,1100706
1000449,sbradborneeh@illinois.edu,733-920-2131,Martino,Selle,Bradborne,2003-02-21,Male,1100449
1000834,cexposito37@wufoo.com,389-379-9669,Fletch,Costanza,Exposito,2015-05-23,Male,1100834
1000664,cfairhambi@china.com.cn,234-856-7794,Binky,Carlie,Fairham,1983-02-23,Male,1100664
1000524,alawrinsonai@g.co,295-873-4077,Reg,Allsun,Lawrinson,1959-06-30,Male,1100524
1000992,csiggeep@people.com.cn,292-747-6303,Rivalee,Carin,Sigge,1954-11-30,Female,1100992
1000295,sjaniakd3@xing.com,791-391-3151,Saunder,Shauna,Janiak,2000-09-04,Male,1100295
1000149,dwanleyau@jalbum.net,563-575-0242,Karalee,Dasie,Wanley,2016-07-13,Female,1100149
1000629,jwestgateef@biblegateway.com,679-484-6712,Karel,Juditha,Westgate,1959-07-10,Male,1100629
1000659,pdinleyj4@mozilla.com,339-799-7595,Guthrey,Phillis,Dinley,1981-04-14,Male,1100659
1000648,tculletonhi@vkontakte.ru,203-719-3975,Leigh,Timothea,Culleton,1998-01-16,Male,1100648
1000937,credpath6j@bravesites.com,984-328-1913,Trip,Cecile,Redpath,1983-07-16,Male,1100937
1000607,soffilljq@ucsd.edu,441-868-1720,Ettore,Stephine,Offill,1961-04-27,Male,1100607
1000360,dpoonan@free.fr,166-948-7188,Dianna,Deeyn,Poon,1945-01-22,Female,1100360
1000203,etemporal6i@hc360.com,431-382-6774,Feodor,Enriqueta,Temporal,1982-04-30,Female,1100203
1000456,cvasichevll@sogou.com,133-307-2782,Mildred,Calli,Vasichev,1969-01-09,Female,1100456
1000921,acapponeerhk@jalbum.net,621-914-2880,Jerald,Aryn,Capponeer,2011-07-03,Male,1100921
1000416,lvannera8@bing.com,707-548-1339,Erich,Letta,Vanner,1978-07-11,Male,1100416
1000318,dknealeo9@a8.net,965-250-7494,Jasmina,Dionne,Kneale,1984-04-24,Female,1100318
1000782,amacritchiepf@utexas.edu,806-795-2516,Ring,Aliza,MacRitchie,1993-06-11,Male,1100782
1000848,mjamison1n@nps.gov,211-556-9408,Balduin,Maurita,Jamison,2003-03-29,Male,1100848
1000050,rmontezhd@wikipedia.org,549-274-8604,Arthur,Rivi,Montez,2010-12-22,Male,1100050
1000024,rraithmillpy@home.pl,216-300-2600,Jase,Rachael,Raithmill,1980-08-28,Male,1100024
1000789,hadinm2@goo.gl,404-998-2016,Paxton,Honey,Adin,1949-04-22,Male,1100789
1000749,bvancw@miitbeian.gov.cn,823-511-7232,Miller,Belvia,Van,2010-02-20,Male,1100749
1000086,lmackledenic@soup.io,637-129-7600,Grove,Laverne,Mackleden,1977-04-04,Male,1100086
1000319,ykleinsinger3n@biblegateway.com,585-657-9882,De,Ynez,Kleinsinger,1961-05-05,Female,1100319
1000790,kschohierm3@qq.com,866-934-5176,Lavina,Kirbee,Schohier,1985-06-16,Female,1100790
1000891,mwrathmallp7@blinklist.com,810-286-4260,Kristine,Marianne,Wrathmall,2005-11-10,Female,1100891
1000365,okennsleyn@msu.edu,902-197-4776,Wendall,Olga,Kennsley,1963-08-10,Male,1100365
1000354,gmundenhg@webs.com,584-971-6848,Karisa,Glynis,Munden,1994-04-11,Female,1100354
1000320,sleberet@tumblr.com,151-856-4708,Gabriele,Stephi,Leber,1989-04-05,Male,1100320
1000632,asergisone0@skype.com,906-209-9575,Bobby,Avrit,Sergison,1976-10-03,Female,1100632
1000420,bdenkpz@e-recht24.de,946-107-0646,Laurice,Bili,Denk,1964-05-25,Female,1100420
1000870,lmillmoe61@surveymonkey.com,468-526-4098,Willy,Leia,Millmoe,1978-01-29,Male,1100870
1000784,cgeorgeoufb@mozilla.org,470-335-6935,Sol,Calida,Georgeou,2015-03-07,Male,1100784
1000397,mduckqi@gmpg.org,945-622-2861,Ricki,Miran,Duck,1971-12-02,Male,1100397
1000660,agrollmanngb@mlb.com,715-295-7612,Berenice,Amara,Grollmann,1959-06-09,Female,1100660
1000533,msextie6m@scribd.com,265-371-8045,Tracey,Maurise,Sextie,2012-07-21,Male,1100533
1000230,cpantone2h@blinklist.com,273-165-9740,Riley,Cosette,Pantone,1965-08-13,Male,1100230
1000819,adeweymd@fema.gov,851-893-5033,Fran,Annabela,Dewey,1990-08-02,Male,1100819
1000956,hdawsonjy@mit.edu,172-115-3493,Cordell,Hyacintha,Dawson,1990-04-09,Male,1100956
1000176,csloands@biblegateway.com,735-619-8386,Rodi,Chlo,Sloan,1993-08-13,Female,1100176
1000326,ebottrellqh@myspace.com,905-209-7872,Mac,Eada,Bottrell,1971-05-09,Male,1100326
1000830,gyuryichev4j@plala.or.jp,258-653-0038,Emmaline,Gelya,Yuryichev,1998-08-11,Female,1100830
1000922,aansteyjo@home.pl,565-237-2108,Klarrisa,Allison,Anstey,1993-09-20,Female,1100922
1000738,cscholer4m@addtoany.com,861-692-3800,Pace,Cynthy,Scholer,1985-05-18,Male,1100738
1000440,glattyc1@ycombinator.com,421-129-6848,Selma,Giralda,Latty,1986-08-02,Female,1100440
1000815,lscates1d@ow.ly,524-654-2131,Salim,Lavena,Scates,2006-01-31,Male,1100815
1000518,ryokelfs@springer.com,720-262-3645,Yasmin,Rita,Yokel,1974-03-11,Female,1100518
1000839,hgreatrakesk1@acquirethisname.com,714-605-8977,Edgar,Hatti,Greatrakes,1992-03-05,Male,1100839
1000695,jtsarm5@china.com.cn,931-701-7703,Kellsie,Josy,Tsar,1974-12-07,Female,1100695
1000924,sdowearsaa@biglobe.ne.jp,831-186-9950,Berny,Stephi,Dowears,1970-09-17,Female,1100924
1000373,acescome@dagondesign.com,580-433-3536,Rudd,Abagael,Cesco,1967-06-26,Male,1100373
1000665,kfaulksl1@mapquest.com,136-390-2310,Deeyn,Koren,Faulks,2010-01-10,Female,1100665
1000312,cepiscopiodf@constantcontact.com,726-932-1240,Damiano,Clovis,Episcopio,2013-03-01,Male,1100312
1000064,rnortcliffe67@theglobeandmail.com,109-222-7593,Godfry,Rosalind,Nortcliffe,1960-09-13,Male,1100064
1000467,kmcbeithn7@tumblr.com,538-447-3458,Novelia,Kaitlyn,McBeith,1974-10-23,Female,1100467
1000759,rlaysonn6@g.co,885-593-8341,Harriette,Roselle,Layson,1963-05-01,Female,1100759
1000840,jbowserni@tripod.com,847-717-9784,Jilleen,Josepha,Bowser,1968-08-19,Female,1100840
1000470,pgarwellql@geocities.com,969-322-3934,Lloyd,Pegeen,Garwell,1953-12-19,Male,1100470
1000413,ahooksn2@ow.ly,485-743-8501,Silas,Agnesse,Hooks,1948-04-04,Male,1100413
1000837,fhadwenby@lulu.com,265-787-6568,Itch,Fredi,Hadwen,1952-10-14,Male,1100837
1000098,hblackbornqs@arizona.edu,480-391-4210,Jan,Hatty,Blackborn,2002-01-29,Male,1100098
1000385,nhonackerck@webs.com,281-153-4783,Allistir,Ninon,Honacker,1969-11-09,Male,1100385
1000401,dwakehama4@whitehouse.gov,156-377-1550,Dotty,Drusy,Wakeham,1949-04-30,Female,1100401
1000039,iagget71@digg.com,718-994-8188,Birdie,Isobel,Agget,2009-10-06,Female,1100039
1000224,cretchlesshe@cbsnews.com,255-368-1236,Benjamen,Collie,Retchless,2016-06-17,Male,1100224
1000317,wbarnewillekl@omniture.com,571-935-5911,Delia,Wallis,Barnewille,1970-06-12,Female,1100317
1000298,ndeclercqx@nationalgeographic.com,568-207-8264,Joleen,Nelly,de Clerc,1958-03-31,Female,1100298
1000217,aroddiedl@china.com.cn,466-670-3473,Rozanna,Angil,Roddie,2015-02-19,Female,1100217
1000349,vzanioloch@admin.ch,853-487-2690,Alford,Vitoria,Zaniolo,1964-02-26,Male,1100349
1000873,bguytonlh@telegraph.co.uk,902-562-1832,Kerry,Birgit,Guyton,1968-06-25,Male,1100873
1000697,egilmange@wunderground.com,520-906-7916,Tiffi,Elane,Gilman,1981-12-24,Female,1100697
1000535,epredohll@reddit.com,868-312-5518,Zacharias,Eva,Predohl,2011-08-30,Female,1100535